Year,Subject,Topic,Type,Question,Option_A,Option_B,Option_C,Option_D,Correct_Answer,Theory_Answer
2025,Computing,Spreadsheet,Objective,Which of the following functions is used to sum a range of cells based on multiple criteria?,SUM,SUMIF,TOTAL,SUMIFS,D,
2023,Computing,Programming,Objective,Which data type is typically used to store a single character in programming languages like C or Java?,int,float,char,string,C,
2023,Computing,Spreadsheet,Objective,In a spreadsheet application columns are traditionally identified by which of the following?,Numbers,Letters,Symbols,Roman Numerals,B,
2023,Computing,Word Processing,Objective,Which keyboard shortcut is globally used to copy selected text to the clipboard?,Ctrl + C,Ctrl + V,Ctrl + X,Ctrl + Z,A,
2026,Computing,Programming,Objective,What is the primary purpose of a compiler in the software development lifecycle?,Execute code line by line,Debug syntax errors directly,Design user interfaces,Translate source code into machine language,D,
2025,Computing,Word Processing,Objective,Which feature in word processing allows a user to apply the exact formatting of one text segment to another?,Mail Merge,Track Changes,Macro,Format Painter,D,
2026,Computing,Hardware,Objective,Which type of internal computer memory is volatile and loses its contents when power is turned off?,ROM,Flash Memory,RAM,Hard Drive,C,
2025,Computing,Software,Objective,What category of software is designed to manage and control the underlying computer hardware components?,Application Software,Operating System,Utility Programs,Shareware,B,
2023,Computing,Spreadsheet,Objective,Every standard mathematical formula or function in an Excel spreadsheet must begin with which character?,#,$,@,=,D,
2024,Computing,Security,Objective,Which security mechanism is used to encrypt network traffic and establish a secure connection over the internet?,Firewall,Antivirus,Biometrics,VPN,D,
2025,Computing,Database,Objective,Which database field uniquely identifies each record or row within a specific relational table?,Primary Key,Foreign Key,Unique Index,Composite Column,A,
2025,Computing,Spreadsheet,Objective,Which type of chart is best suited for showing the relative proportions or percentages of a standard total?,Line Chart,Bar Chart,Scatter Plot,Pie Chart,D,
2022,Computing,Database,Objective,What language is universally used to query manage and manipulate data within relational databases?,HTML,SQL,C++,Python,B,
2022,Computing,Internet,Objective,What does the acronym HTTP stand for in the context of web address protocols?,HyperText Transfer Port,HyperText Transfer Program,HyperText Transfer Protocol,HyperText Transmission Protocol,C,
2022,Computing,Programming,Objective,Which programming structure is used to repeat a specific block of code as long as a condition remains true?,Condition,Variable,Function,Loop,D,
2024,Computing,Networking,Objective,Which network device is responsible for forwarding data packets between different computer networks?,Switch,Hub,Router,Modem,C,
2022,Computing,Software,Objective,Which of the following is an open-source operating system widely used for servers and computers?,Windows,macOS,iOS,Linux,D,
2024,Computing,Security,Objective,What type of malicious software replicates itself and spreads to other files and systems without user intent?,Spyware,Trojan Horse,Adware,Virus,D,
2024,Computing,Presentation,Objective,What is the name of the individual layout pages used to structure content within presentation software?,Document,Spreadsheet,Slide,Canvas,C,
2026,Computing,Programming,Objective,Which symbol is commonly used in many programming languages to denote a single-line text comment?,#,//,/*,;,B,
2022,Computing,Spreadsheet,Objective,Which function would you use to find the highest value in a specified range of spreadsheet cells?,MIN,AVERAGE,MAX,COUNT,C,
2023,Computing,Security,Objective,What type of cyberattack involves tricking users into revealing sensitive data via deceptive emails?,Ransomware,Malware,DDoS,Phishing,D,
2022,Computing,Networking,Objective,What does the acronym LAN stand for in standard computer networking terminology?,Local Access Network,Logical Area Network,Local Area Network,Large Area Network,C,
2024,Computing,Word Processing,Objective,Which text alignment option distributes text evenly between both the left and right document margins?,Align Left,Align Right,Justify,Center,C,
2023,Computing,Security,Objective,Which security tool acts as a barrier to monitor and filter incoming and outgoing network traffic?,Antivirus,Encryption,Spyware,Firewall,D,
2023,Computing,Networking,Objective,What is the unique numerical label assigned to each device connected to a computer network called?,MAC Address,URL,IP Address,DNS Record,C,
2022,Computing,Security,Objective,Which of the following is considered a strong practice for creating a highly secure password?,Using your birth year,Using sequence 12345,Mixing uppercase lowercase numbers and symbols,Using your pet name,C,
2025,Computing,Database,Objective,What is the name of the database operation used to combine data from two or more tables based on a related column?,Join,Merge,Union,Combine,A,
2026,Computing,Networking,Objective,Which protocol is responsible for resolving human-readable domain names into numerical IP addresses?,FTP,HTTP,DNS,DHCP,C,
2023,Computing,Security,Objective,What type of software is designed to detect prevent and remove malicious software from a computer?,Firewall,Firmware,Adware,Antivirus,D,
2023,Computing,Word Processing,Objective,Which orientation layouts a document page horizontally so it is wider than it is tall?,Portrait,Landscape,Square,Vertical,B,
2022,Computing,Software,Objective,Which of the following is a prominent example of web browser software application?,Microsoft Word,Adobe Photoshop,Google Chrome,MySQL,C,
2026,Computing,Hardware,Objective,Which computer hardware component acts as the main printed circuit board connecting all internal parts?,Processor,Hard Drive,Power Supply,Motherboard,D,
2022,Computing,Presentation,Objective,Which feature controls the visual movement effect when moving from one slide to another during a show?,Animation,Transition,Duration,Trimming,B,
2026,Computing,Presentation,Objective,Which layout view displays all slides as small miniatures to easily reorder them within a deck?,Normal View,Outline View,Slide Sorter View,Reading View,C,
2025,Computing,Presentation,Objective,What is the shortcut key configuration used to launch a presentation slide show from the very beginning?,F1,F3,F7,F5,D,
2024,Computing,Internet,Objective,Which software application allows users to access view and navigate web pages on the internet?,Search Engine,Web Browser,Web Server,Router,B,
2026,Computing,Presentation,Objective,What feature allows you to save custom reusable slide styles layouts and formatting across presentations?,Template,Macro,Clipart,Hyperlink,A,
2025,Computing,Presentation,Objective,Which visual effect can be applied to animate individual elements like bullet points or images on a single slide?,Animation,Transition,Layout,Design,A,
2023,Computing,Spreadsheet,Objective,What is the intersection of a vertical column and a horizontal row in a spreadsheet called?,Grid,Block,Cell,Label,C,
2022,Computing,Software,Objective,Which of the following is classified as utility software rather than application software?,Word Processor,Web Browser,Media Player,Disk Defragmenter,D,
2026,Computing,Security,Objective,What type of security software logs keystrokes to steal sensitive credentials and passwords?,Virus,Keylogger,Ransomware,Adware,B,
2025,Computing,Internet,Objective,What does URL stand for in internet technology frameworks?,Universal Resource Link,Uniform Resource Locator,Unified Router Location,User Registry Locator,B,
2022,Computing,Software,Objective,Which file extension is universally used to denote a standard executable file on Windows operating systems?,.txt,.exe,.docx,.mp3,B,
2023,Computing,Spreadsheet,Objective,Which symbol is used in formulas to represent the mathematical operation of multiplication?,+,–,*,/,C,
2025,Computing,Hardware,Objective,Which hardware device takes internal digital data and converts it into a permanent physical paper copy?,Scanner,Monitor,Printer,Projector,C,
2023,Computing,Software,Objective,Which software development methodology focuses on iterative development and cross-functional team collaboration?,Agile,Waterfall,V-Model,Spiral,A,
2023,Computing,Security,Objective,Which type of attack floods a targeted system or network resource with traffic to make it unavailable?,Phishing,SQL Injection,DDoS,Malware,C,
2023,Computing,Database,Objective,Which term describes a single collection of related data fields representing a row in a database table?,Attribute,Field,Record,Query,C,
2023,Computing,Word Processing,Objective,Which word processing feature creates a decorative oversized first letter at the start of a paragraph?,WordArt,Drop Cap,Text Box,Font Style,B,
2026,Computing,Networking,Objective,Which networking device operates at the physical layer to regenerate signals but does not manage traffic route?,Switch,Router,Hub,Bridge,C,
2026,Computing,Networking,Objective,What topology connects all network nodes directly to a single central hub or switch device?,Star Topology,Bus Topology,Ring Topology,Mesh Topology,A,
2026,Computing,Programming,Objective,Which data structure functions on a Last In First Out (LIFO) operational principle?,Queue,Tree,Stack,Graph,C,
2023,Computing,Presentation,Objective,Which view in presentation programs lets you add notes to individual slides that remain hidden from viewers?,Slide Master,Slide Show,Notes Page View,Handout View,C,
2026,Computing,Spreadsheet,Objective,What type of cell reference changes automatically when a formula is copied to another cell location?,Absolute Reference,Mixed Reference,Static Reference,Relative Reference,D,
2024,Computing,Presentation,Objective,Which menu or tab in presentation software is used to insert new shapes videos or audio files?,Design,Transitions,Review,Insert,D,
2025,Computing,Word Processing,Objective,What feature creates personalized letters or envelopes by combining a standard document template with a data list?,Track Changes,Macro,Find and Replace,Mail Merge,D,
2026,Computing,Networking,Objective,Which transmission medium uses pulses of light passing through glass strands to transfer data rapidly?,Coaxial Cable,Fiber Optic Cable,Twisted Pair,Infrared,B,
2022,Computing,Word Processing,Objective,Which keyboard combination is used to automatically select all text and elements within a word document?,Ctrl + S,Ctrl + C,Ctrl + V,Ctrl + A,D,
2024,Computing,Networking,Objective,Which device transforms digital computer data into analog signals for transmission over standard phone lines?,Router,Switch,Modem,Hub,C,
2025,Computing,Spreadsheet,Objective,What error code appears in a spreadsheet cell when a formula attempts to divide a number by zero?,#VALUE!,#NAME?,#REF!,#DIV/0!,D,
2025,Computing,Database,Objective,Which database concept ensures data integrity by preventing orphan records between related tables?,Indexing,Referential Integrity,Normalization,Encapsulation,B,
2024,Computing,Internet,Objective,Which search engine feature is used to look up matching pages based on input words?,Browser,Cookie,Keyword,Hyperlink,C,
2026,Computing,Security,Objective,What type of attack involves intercepting and altering communications between two parties without their knowledge?,Phishing,Man-in-the-Middle,DDoS,Ransomware,B,
2024,Computing,Software,Objective,What is the name of the small software update released to fix a specific bug or security vulnerability?,Beta,Patch,Driver,Upgrade,B,
2024,Computing,Database,Objective,Which clause is used in an SQL query to filter records based on a specified condition?,SELECT,FROM,WHERE,GROUP BY,C,
2025,Computing,Word Processing,Objective,Which tool helps you find synonyms or alternative words for a selected word within a document?,Spell Check,Dictionary,Thesaurus,Autocorrect,C,
2026,Computing,Security,Objective,Which protocol provides an encrypted tunnel for transfering files securely across a computer network?,FTP,SFTP,HTTP,SMTP,B,
2025,Computing,Internet,Objective,What type of small data file do websites store on a user device to remember preferences and track sessions?,Cache,Cookie,History,Bookmark,B,
2024,Computing,Presentation,Objective,Which slide acts as the primary template controlling the baseline fonts backgrounds and layouts for a whole show?,Title Slide,Handout Master,Slide Master,Notes Master,C,
2026,Computing,Networking,Objective,What is the name of the physical address hardcoded onto a network interface card during manufacturing?,IP Address,Subnet Mask,Gateway,MAC Address,D,
2025,Computing,Presentation,Objective,Which aspect ratio is the standard modern widescreen format used for high-definition displays?,4:3,1:1,16:9,21:9,C,
2026,Computing,Hardware,Objective,Which internal unit manages the extraction and execution of program instructions within the CPU?,ALU,Control Unit,Registers,Cache,B,
2025,Computing,Networking,Objective,Which wireless standard is used to connect local devices to the internet via radio waves over short distances?,Cellular,Bluetooth,Wi-Fi,Ethernet,C,
2024,Computing,Internet,Objective,Which cloud service model delivers basic hardware infrastructure like virtual servers and storage over the net?,SaaS,PaaS,IaaS,DaaS,C,
2026,Computing,Security,Objective,What type of malware demands monetary payment after encrypting a victim's files and locking them out?,Spyware,Ransomware,Trojan Horse,Adware,B,
2024,Computing,Networking,Objective,What network tier spans across massive geographic areas countries or continents?,LAN,MAN,PAN,WAN,D,
2024,Computing,Security,Objective,Which protocol is used to securely encrypt standard web traffic making online transactions safe?,HTTP,FTP,HTTPS,SMTP,C,
2023,Computing,Security,Objective,What authentication method uses unique biological traits like fingerprints or facial recognition to grant access?,Passwords,Tokens,Biometrics,PINs,C,
2026,Computing,Networking,Objective,Which layer of the standard OSI model handles logical addressing packet routing and path determination?,Physical Layer,Data Link Layer,Network Layer,Transport Layer,C,
2024,Computing,Presentation,Objective,Which format allows you to save a slide deck so it automatically opens directly into presenter show mode?,.pptx,.pdf,.ppsx,.potx,C,
2025,Computing,Software,Objective,What form of system software handles the direct communication and control interface with specific external hardware accessories?,Operating System,Device Driver,Utility Software,Firmware,B,
2026,Computing,Presentation,Objective,Which action inserts an interactive link pointing to a web page file or another slide within a presentation?,Bookmark,Cross-reference,Hyperlink,Macro,C,
2023,Computing,Word Processing,Objective,Which function automatically moves text to the next line when a typed word reaches the right-side boundary page?,Word Wrap,AutoCorrect,Line Break,Page break,A,
2023,Computing,Software,Objective,What is the name given to software that is free to download use and modify because its source code is public?,Proprietary Software,Shareware,Open-Source Software,Adware,C,
2022,Computing,Spreadsheet,Objective,Which symbol is placed in a spreadsheet formula cell address to freeze it as an absolute reference?,$,#,*,@,A,
2024,Computing,Software,Objective,What type of computing license requires users to pay ongoing fees to use software over a specified duration?,Freeware,Perpetual License,Subscription License,Public Domain,C,
2023,Computing,Software,Objective,Which systems processing type handles tasks in batches without requiring interactive real-time user input data?,Real-time Processing,Batch Processing,Multiprocessing,Time-sharing,B,
2024,Computing,Presentation,Objective,What is the term for a pre-made collection of shapes icons illustrations and artwork available in office tools?,WordArt,SmartArt,Clipart,Shapes,C,
2023,Computing,Word Processing,Objective,Which tool allows a user to reverse the last change or mistake made in a text document?,Redo,Undo,Cut,Clear,B,
2026,Computing,Internet,Objective,What protocol is universally used to send outgoing email messages across internet server networks?,POP3,IMAP,SMTP,FTP,C,
2024,Computing,Internet,Objective,What architecture network system allows multiple computers to share resources directly without a centralized server node?,Client-Server,Peer-to-Peer,Cloud Architecture,Mainframe Network,B,
2025,Computing,Spreadsheet,Objective,Which error code indicates that a spreadsheet formula cannot find a value or item referenced within its lookup arrays?,#VALUE!,#NAME?,#REF!,#N/A,D,
2022,Computing,Presentation,Objective,Which file format should you choose to export static presentation slides so they can be read on any device without software changes?,.docx,.pdf,.gif,.html,B,
2022,Computing,Spreadsheet,Objective,Which of the following functions calculates the average of a specific numerical cell range within a worksheet?,SUM,COUNT,AVERAGE,MEDIAN,C,
2022,Computing,Database,Objective,What type of relationship exists when one record in table A connects to multiple records in table B?,One-to-One,One-to-Many,Many-to-Many,Self-Referencing,B,
2023,Computing,Word Processing,Objective,What function replaces every instance of a designated word with a new term throughout an entire file?,Find,Track Changes,Autocorrect,Replace,D,
2023,Computing,Networking,Objective,Which networking device broadcasts incoming data packets indiscriminately to every single connected machine or port?,Switch,Router,Gateway,Hub,D,
2023,Computing,Programming,Objective,Which fundamental control structure evaluates a conditional statement to decide between two distinct execution paths?,Loop,Function,Array,If-Else,D,
2026,Computing,Word Processing,Objective,What indicator shows where the next typed letter character or symbol will appear on the document canvas?,Pointer,Cursor,Marker,Selector,B,
2026,Computing,Networking,Objective,Which networking device operates at the physical layer to regenerate signals but does not manage traffic route?,Switch,Router,Hub,Bridge,C,
2026,Computing,Networking,Objective,What topology connects all network nodes directly to a single central hub or switch device?,Star Topology,Bus Topology,Ring Topology,Mesh Topology,A,
2026,Computing,Programming,Objective,Which data structure functions on a Last In First Out (LIFO) operational principle?,Queue,Tree,Stack,Graph,C,
2023,Computing,Presentation,Objective,Which view in presentation programs lets you add notes to individual slides that remain hidden from viewers?,Slide Master,Slide Show,Notes Page View,Handout View,C,
2026,Computing,Spreadsheet,Objective,What type of cell reference changes automatically when a formula is copied to another cell location?,Absolute Reference,Mixed Reference,Static Reference,Relative Reference,D,
2024,Computing,Presentation,Objective,Which menu or tab in presentation software is used to insert new shapes videos or audio files?,Design,Transitions,Review,Insert,D,
2025,Computing,Word Processing,Objective,What feature creates personalized letters or envelopes by combining a standard document template with a data list?,Track Changes,Macro,Find and Replace,Mail Merge,D,
2026,Computing,Networking,Objective,Which transmission medium uses pulses of light passing through glass strands to transfer data rapidly?,Coaxial Cable,Fiber Optic Cable,Twisted Pair,Infrared,B,
2022,Computing,Word Processing,Objective,Which keyboard combination is used to automatically select all text and elements within a word document?,Ctrl + S,Ctrl + C,Ctrl + V,Ctrl + A,D,
2024,Computing,Networking,Objective,Which device transforms digital computer data into analog signals for transmission over standard phone lines?,Router,Switch,Modem,Hub,C,
2025,Computing,Spreadsheet,Objective,What error code appears in a spreadsheet cell when a formula attempts to divide a number by zero?,#VALUE!,#NAME?,#REF!,#DIV/0!,D,
2025,Computing,Database,Objective,Which database concept ensures data integrity by preventing orphan records between related tables?,Indexing,Referential Integrity,Normalization,Encapsulation,B,
2024,Computing,Internet,Objective,Which search engine feature is used to look up matching pages based on input words?,Browser,Cookie,Keyword,Hyperlink,C,
2026,Computing,Security,Objective,What type of attack involves intercepting and altering communications between two parties without their knowledge?,Phishing,Man-in-the-Middle,DDoS,Ransomware,B,
2024,Computing,Software,Objective,What is the name of the small software update released to fix a specific bug or security vulnerability?,Beta,Patch,Driver,Upgrade,B,
2024,Computing,Database,Objective,Which clause is used in an SQL query to filter records based on a specified condition?,SELECT,FROM,WHERE,GROUP BY,C,
2025,Computing,Word Processing,Objective,Which tool helps you find synonyms or alternative words for a selected word within a document?,Spell Check,Dictionary,Thesaurus,Autocorrect,C,
2026,Computing,Security,Objective,Which protocol provides an encrypted tunnel for transfering files securely across a computer network?,FTP,SFTP,HTTP,SMTP,B,
2025,Computing,Internet,Objective,What type of small data file do websites store on a user device to remember preferences and track sessions?,Cache,Cookie,History,Bookmark,B,
2024,Computing,Presentation,Objective,Which slide acts as the primary template controlling the baseline fonts backgrounds and layouts for a whole show?,Title Slide,Handout Master,Slide Master,Notes Master,C,
2026,Computing,Networking,Objective,What is the name of the physical address hardcoded onto a network interface card during manufacturing?,IP Address,Subnet Mask,Gateway,MAC Address,D,
2025,Computing,Presentation,Objective,Which aspect ratio is the standard modern widescreen format used for high-definition displays?,4:3,1:1,16:9,21:9,C,
2026,Computing,Hardware,Objective,Which internal unit manages the extraction and execution of program instructions within the CPU?,ALU,Control Unit,Registers,Cache,B,
2025,Computing,Networking,Objective,Which wireless standard is used to connect local devices to the internet via radio waves over short distances?,Cellular,Bluetooth,Wi-Fi,Ethernet,C,
2024,Computing,Internet,Objective,Which cloud service model delivers basic hardware infrastructure like virtual servers and storage over the net?,SaaS,PaaS,IaaS,DaaS,C,
2026,Computing,Security,Objective,What type of malware demands monetary payment after encrypting a victim's files and locking them out?,Spyware,Ransomware,Trojan Horse,Adware,B,
2024,Computing,Networking,Objective,What network tier spans across massive geographic areas countries or continents?,LAN,MAN,PAN,WAN,D,
2024,Computing,Security,Objective,Which protocol is used to securely encrypt standard web traffic making online transactions safe?,HTTP,FTP,HTTPS,SMTP,C,
2023,Computing,Security,Objective,What authentication method uses unique biological traits like fingerprints or facial recognition to grant access?,Passwords,Tokens,Biometrics,PINs,C,
2026,Computing,Networking,Objective,Which layer of the standard OSI model handles logical addressing packet routing and path determination?,Physical Layer,Data Link Layer,Network Layer,Transport Layer,C,
2024,Computing,Presentation,Objective,Which format allows you to save a slide deck so it automatically opens directly into presenter show mode?,.pptx,.pdf,.ppsx,.potx,C,
2025,Computing,Software,Objective,What form of system software handles the direct communication and control interface with specific external hardware accessories?,Operating System,Device Driver,Utility Software,Firmware,B,
2026,Computing,Presentation,Objective,Which action inserts an interactive link pointing to a web page file or another slide within a presentation?,Bookmark,Cross-reference,Hyperlink,Macro,C,
2023,Computing,Word Processing,Objective,Which function automatically moves text to the next line when a typed word reaches the right-side boundary page?,Word Wrap,AutoCorrect,Line Break,Page break,A,
2023,Computing,Software,Objective,What is the name given to software that is free to download use and modify because its source code is public?,Proprietary Software,Shareware,Open-Source Software,Adware,C,
2022,Computing,Spreadsheet,Objective,Which symbol is placed in a spreadsheet formula cell address to freeze it as an absolute reference?,$,#,*,@,A,
2024,Computing,Software,Objective,What type of computing license requires users to pay ongoing fees to use software over a specified duration?,Freeware,Perpetual License,Subscription License,Public Domain,C,
2023,Computing,Software,Objective,Which systems processing type handles tasks in batches without requiring interactive real-time user input data?,Real-time Processing,Batch Processing,Multiprocessing,Time-sharing,B,
2024,Computing,Presentation,Objective,What is the term for a pre-made collection of shapes icons illustrations and artwork available in office tools?,WordArt,SmartArt,Clipart,Shapes,C,
2023,Computing,Word Processing,Objective,Which tool allows a user to reverse the last change or mistake made in a text document?,Redo,Undo,Cut,Clear,B,
2026,Computing,Internet,Objective,What protocol is universally used to send outgoing email messages across internet server networks?,POP3,IMAP,SMTP,FTP,C,
2024,Computing,Internet,Objective,What architecture network system allows multiple computers to share resources directly without a centralized server node?,Client-Server,Peer-to-Peer,Cloud Architecture,Mainframe Network,B,
2025,Computing,Spreadsheet,Objective,Which error code indicates that a spreadsheet formula cannot find a value or item referenced within its lookup arrays?,#VALUE!,#NAME?,#REF!,#N/A,D,
2022,Computing,Presentation,Objective,Which file format should you choose to export static presentation slides so they can be read on any device without software changes?,.docx,.pdf,.gif,.html,B,
2022,Computing,Spreadsheet,Objective,Which of the following functions calculates the average of a specific numerical cell range within a worksheet?,SUM,COUNT,AVERAGE,MEDIAN,C,
2022,Computing,Database,Objective,What type of relationship exists when one record in table A connects to multiple records in table B?,One-to-One,One-to-Many,Many-to-Many,Self-Referencing,B,
2023,Computing,Word Processing,Objective,What function replaces every instance of a designated word with a new term throughout an entire file?,Find,Track Changes,Autocorrect,Replace,D,
2023,Computing,Networking,Objective,Which networking device broadcasts incoming data packets indiscriminately to every single connected machine or port?,Switch,Router,Gateway,Hub,D,
2023,Computing,Programming,Objective,Which fundamental control structure evaluates a conditional statement to decide between two distinct execution paths?,Loop,Function,Array,If-Else,D,
2026,Computing,Word Processing,Objective,What indicator shows where the next typed letter character or symbol will appear on the document canvas?,Pointer,Cursor,Marker,Selector,B,
2024,Computing,Presentation,Objective,Which layout template provides a set of pre-designed color palettes background graphics and coordinated text styles?,Slide Master,Theme,Layout,Design View,B,
2025,Computing,Security,Objective,What process transforms readable data plaintext into an unreadable scrambled form ciphertext to prevent unauthorized access?,Decryption,Authentication,Hashing,Encryption,D,
2022,Computing,Security,Objective,Which security incident involves an unauthorized entity gaining access to a private internal database system?,Data Breach,Phishing,Denial of Service,Ransomware,A,
2022,Computing,Database,Objective,Which field attribute ensures that a specific column within a table cannot contain empty or missing values?,Unique,Primary Key,Not Null,Default,C,
2026,Computing,Internet,Objective,What technology converts human-readable site updates into standard formats so users can subscribe to feed aggregation?,HTML,RSS,FTP,URL,B,
2026,Computing,Security,Objective,What type of security software prevents unauthorized applications or connections from running on a computer endpoint?,Antivirus,Firewall,Intrusion Detection System,Anti-Spyware,B,
2022,Computing,Hardware,Objective,Which component of a computer system handles the raw arithmetic operations and complex logical decision checks?,Control Unit,ALU,Registers,Cache Memory,B,
2023,Computing,Hardware,Objective,Which non-volatile computer memory store holds the critical startup firmware routines needed to boot a system initially?,RAM,ROM,Cache,Hard Drive,B,
2026,Computing,Internet,Objective,Which technology connects everyday physical objects to the internet allowing them to transmit sensor metrics independently?,Cloud Computing,Big Data,Internet of Things,Artificial Intelligence,C,
2026,Computing,Word Processing,Objective,Which document formatting option adds a light text pattern like CONFIDENTIAL directly behind your page text?,Header,Footer,Watermark,Border,C,
2023,Computing,Database,Objective,What name is given to a structured object used to extract specific data rows matching criteria from tables?,Table,Form,Report,Query,D,
2024,Computing,Programming,Objective,What error occurs when a developer violates the structural grammar rules of a programming language?,Runtime Error,Logic Error,Syntax Error,Compilation Error,C,
2024,Computing,Software,Objective,What is the name for software provided for free on a trial basis but requiring payment for continued use?,Freeware,Shareware,Proprietary,Adware,B,
2024,Computing,Database,Objective,Which field type is optimized to store alphanumeric data sentences characters or long phrases in databases?,Integer,Float,Text,Boolean,C,
2023,Computing,Security,Objective,What tool generates a sequence of random numeric characters sent to a smartphone to verify a login?,Password,One-Time Password,Digital Certificate,Encryption Key,B,
2025,Computing,Spreadsheet,Objective,Which command combines multiple touching cells into a single large cell while centering the text within it?,Wrap Text,Merge and Center,Align Grid,Group Cells,B,
2025,Computing,Security,Objective,What type of malware disguises itself as a useful legitimate utility program to trick users into running it?,Virus,Trojan Horse,Worm,Rootkit,B,
2023,Computing,Internet,Objective,Which protocol handles the automatic assignment of network IP configuration parameters to client workstations?,DNS,FTP,SMTP,DHCP,D,
2025,Computing,Spreadsheet,Objective,Which function counts only the cells containing numeric values within a specified worksheet range?,COUNTA,COUNTBLANK,COUNT,COUNTIF,C,
2023,Computing,Internet,Objective,Which system translates a text domain name like example.com into the corresponding numerical network IP address?,DHCP,URL,DNS,WINS,C,
2022,Computing,Software,Objective,What is the name of the system software framework that controls hardware interactions and supports application software execution?,Firmware,Operating System,Utility Program,Database System,B,
2026,Computing,Hardware,Objective,Which type of input device converts physical images pages or printed documents into digital image files?,Printer,Scanner,Plotter,Digitizer,B,
2022,Computing,Software,Objective,Which file compression format packs large files into a smaller container to facilitate faster web transfer?,.exe,.zip,.pdf,.txt,B,
2025,Computing,Software,Objective,What is the name for software whose source code is kept secret and restricted by copyright law restrictions?,Open-Source Software,Shareware,Proprietary Software,Public Domain Software,C,
2026,Computing,Hardware,Objective,Which metric represents the operational cycle processing speed of a modern desktop computer processor?,Megabytes,Gigahertz,Watts,Gigabytes,B,
2026,Computing,Internet,Objective,What system uses secure cloud networks to deliver computing power data storage and application capabilities over the net?,Local Host,Intranet,Cloud Computing,Edge Server,C,
2023,Computing,Spreadsheet,Objective,What type of visual chart plots data values along an ongoing timeline to illustrate trend lines over time?,Pie Chart,Bar Chart,Line Chart,Scatter Plot,C,
2024,Computing,Internet,Objective,Which network protocol handles the secure transfer of files between a local computer and a remote host storage?,HTTP,SMTP,IMAP,FTP,D,
2024,Computing,Networking,Objective,Which network architecture uses a main backbone line to link all computer workstations sequentially?,Star Topology,Bus Topology,Mesh Topology,Ring Topology,B,
2023,Computing,Internet,Objective,Which web platform format allows multiple collaborative users to edit create modify or delete site content together?,Blog,Forum,Wiki,Portal,C,
2025,Computing,Database,Objective,What is the process of organizing database fields and tables to minimize redundancy and dependency defects?,Normalization,Indexing,Migration,Aggregation,A,
2022,Computing,Security,Objective,What type of verification requires a user to enter both a password and a secondary code sent via phone?,Biometric Check,Single Sign-On,Two-Factor Authentication,Captcha,C,
2022,Computing,Security,Objective,Which malicious activity involves monitoring network data packets to steal unencrypted sensitive private text entries?,Spoofing,Eavesdropping,Phishing,Denial of Service,B,
2024,Computing,Networking,Objective,What device amplifies incoming weak network media signals to extend total cable run distances?,Repeater,Bridge,Switch,Router,A,
2023,Computing,Spreadsheet,Objective,Which formula returns the current real-time system date and time inside a spreadsheet cell?,TODAY(),NOW(),DATE(),TIME(),B,
2023,Computing,Hardware,Objective,Which system component controls internal data flow exchanges among CPU arithmetic units registers and external components?,ALU,Bus,Clock,Control Unit,D,
2024,Computing,Spreadsheet,Objective,What visual formatting highlights specific spreadsheet cells automatically if they cross defined threshold rules?,Format Painter,Conditional Formatting,Cell Styles,AutoFormat,B,
2024,Computing,Security,Objective,What hardware or software mechanism protects a computer network by filtering unauthorized connection attempts?,Antivirus,Gateway,Firewall,Proxy,C,
2026,Computing,Presentation,Objective,Which view layout splits the presentation workspace to display the slide visual edit box and typed presenter script notes together?,Slide Sorter View,Slide Show View,Outline View,Presenter View,D,
2022,Computing,Database,Objective,Which field constraint enforces validation rules ensuring that entries match specific requirements?,Unique,Default,Check,Foreign Key,C,
2022,Computing,Database,Objective,Which operation deletes an existing database table structural container permanently along with all its data content?,REMOVE,DELETE,TRUNCATE,DROP,D,
2025,Computing,Word Processing,Objective,Which feature automatically inserts text page numbers or document details at the top of every document page?,Footnote,Footer,Header,Caption,C,
2023,Computing,Database,Objective,Which relationship link connects a table column attribute to the primary key field of another external table?,Foreign Key,Unique Key,Composite Key,Candidate Key,A,
2024,Computing,Internet,Objective,What category of internet software provides organized search indices to help web surfers find relevant online pages?,Web Server,Search Engine,Internet Provider,DNS Server,B,
2026,Computing,Software,Objective,What type of application allows users to create edit format print and export documents?,Spreadsheet,Database,Presentation,Word Processor,D,
2024,Computing,Hardware,Objective,Which type of storage device utilizes flash memory chips with no moving mechanical parts for faster performance?,HDD,Magnetic Tape,Floppy Disk,SSD,D,
2022,Computing,Networking,Objective,What network type connects computer systems across a localized metropolitan municipal area size?,LAN,MAN,WAN,PAN,B,
2023,Computing,Networking,Objective,Which structural arrangement links all computing devices sequentially in a closed loop cycle format?,Star Topology,Bus Topology,Ring Topology,Mesh Topology,C,
2024,Computing,Security,Objective,What type of cyber threat blocks system access and encrypts file contents until cash is paid out?,Spyware,Worm,Ransomware,Adware,C,
2024,Computing,Networking,Objective,Which networking device forwards data frames to specific ports using a table of hardware MAC addresses?,Hub,Bridge,Switch,Router,C,
2022,Computing,Word Processing,Objective,Which formatting option slants selected text slightly to highlight terms definitions or emphasis phrases?,Bold,Italic,Underline,Strikethrough,B,
2026,Computing,Programming,Objective,What structural container type stores an indexed collection of elements belonging to the exact same data type?,Variable,Array,Object,Function,B,
2026,Computing,Hardware,Objective,Which hardware port interface standard handles high-speed display audio and digital peripheral streaming signals?,VGA,USB,HDMI,Serial,C,
2026,Computing,Security,Objective,What framework tracks user identities authorizations and access privileges inside an enterprise network system?,Firewall,Antivirus,Identity and Access Management,Intrusion Prevention,C,
2023,Computing,Programming,Objective,Which data format uses simple key-value pairings to structure exchange data over web applications?,XML,HTML,JSON,CSV,C,
2026,Computing,Presentation,Objective,What tool lets you view the current slide next slide timer and typed slide script notes across dual screens during a talk?,Slide Master,Reading View,Presenter View,Notes Master,C,
2023,Computing,Word Processing,Objective,Which line spacing parameter separates document text sentences by the equivalent of one full blank line height?,Single Space,Double Space,1.5 Space,Multiple Space,B,
2024,Computing,Database,Objective,Which logical SQL command is used to add new rows of information data records into a table container?,UPDATE,INSERT,ADD,CREATE,B,
2026,Computing,Word Processing,Objective,Which structural tool inserts clean grid arrangements of intersecting rows and columns to display text numbers systematically?,Frame,Box,Table,Border,C,
2022,Computing,Word Processing,Objective,Which alignment pattern formats text to line up flush with the left margin while leaving the right margin ragged?,Center,Left Alignment,Right Alignment,Justified,B,
2023,Computing,Spreadsheet,Objective,Which function combines multiple individual text strings from distinct spreadsheet cells into a unified text cell output?,CONCATENATE,SUM,AND,TEXTJOIN,A,
2022,Computing,Networking,Objective,Which component allows a computer to connect physically or wirelessly to an external network cabling system?,CPU,Sound Card,VGA Adapter,Network Interface Card,D,
2024,Computing,Word Processing,Objective,Which document tool tracks changes and additions allowing multiple editors to review suggest and collaborate over text updates?,Mail Merge,Format Painter,Autocorrect,Track Changes,D,
2023,Computing,Internet,Objective,What protocol is used to retrieve email messages from a server while downloading and deleting them from the remote server inbox?,SMTP,POP3,IMAP,HTTP,B,
2024,Computing,Word Processing,Objective,Which key deletes characters immediately to the left side of the current text editing cursor?,Delete,Backspace,Escape,Spacebar,B,
2025,Computing,Software,Objective,What system utility scanning process searches for unneeded temporary files to free up computer hard drive storage?,Disk Defragmenter,Backup Utility,Disk Cleanup,Antivirus,C,
2023,Computing,Security,Objective,Which security device monitors network activities for suspicious signatures and generates alerts when anomalies happen?,Firewall,VPN,Proxy Server,Intrusion Detection System,D,
2024,Computing,Networking,Objective,What technology converts private network IP addresses into a single public address to route outbound web traffic?,DHCP,DNS,NAT,VLAN,C,
2023,Computing,Presentation,Objective,Which software button option triggers a presentation show to loop continuously until the presenter presses escape?,Rehearse Timings,Loop Continuously,Custom Slide Show,Hide Slide,B,
2025,Computing,Programming,Objective,What is the name for a specialized programming block designed to accept input parameters perform specific calculations and return outputs?,Variable,Array,Function,Class,C,
2026,Computing,Spreadsheet,Objective,What structural error indicator occurs when a spreadsheet formula references a cell location that has been deleted?,#VALUE!,#NAME?,#DIV/0!,#REF!,D,
2026,Computing,Database,Objective,Which data language subset handles the creation modification and structural definition of database tables schemas?,DML,DCL,DDL,TCL,C,
2024,Computing,Programming,Objective,What type of error is present when a program compiles and runs fully but returns incorrect computational outputs?,Syntax Error,Runtime Error,Logic Error,Compilation Error,C,
2022,Computing,Networking,Objective,Which networking device operates at the physical layer to broadcast data packets to all connected endpoints indiscriminately?,Router,Switch,Bridge,Hub,D,
2026,Computing,Software,Objective,What classification describes application programs packaged together to handle related office productivity tasks like docs spreadsheets and slide shows?,Operating System,Utility Suite,Productivity Suite,Enterprise System,C,
2024,Computing,Hardware,Objective,Which type of high-speed internal processor memory provides rapid data access to minimize motherboard transport delays?,RAM,ROM,Cache,SSD,C,
2026,Computing,Database,Objective,Which relational operation isolates and extracts a specified subset of columns from a database table structure?,Selection,Projection,Join,Intersection,B,
2023,Computing,Hardware,Objective,Which computer metric defines the total volatile runtime memory storage available for multitasking applications?,Hard Drive Space,Processor Speed,RAM Capacity,Bus Bandwidth,C,
2025,Computing,Programming,Objective,What keyword phrase or design pattern allows programs to repeatedly loop through block structures over a preset counter range?,While Loop,For Loop,If Statement,Switch Case,B,
2026,Computing,Word Processing,Objective,Which word processor action sets up a temporary structural indent spacing block from the margin for list structures?,Tab,Margin,Alignment,Spacing,A,
2023,Computing,Database,Objective,Which term describes a single specific data item attribute column within a structured database schema design?,Row,Record,Tuple,Field,D,
2022,Computing,Programming,Objective,What programming element acts as a labeled named storage bucket to hold data values that can modify during execution?,Constant,Variable,Function,Class,B,
2025,Computing,Word Processing,Objective,Which layout feature allows you to break your document into distinct sections with separate page numbering schemas?,Page Break,Section Break,Line Break,Column Break,B,
2022,Computing,Software,Objective,What type of open-source license allows developers to reuse modify and distribute software code with minimal restriction?,Proprietary License,Subscription License,Permissive License,Copyleft License,C,
2022,Computing,Networking,Objective,What protocol automatically assigns dynamic network IP addresses to peripheral devices joining a local network environment?,DNS,FTP,DHCP,SMTP,C,
2023,Computing,Hardware,Objective,Which electrical device protects computer hardware from damage caused by voltage spikes and power fluctuations?,Inverter,Surge Protector,Power Supply Unit,Transformer,B,
2024,Computing,Presentation,Objective,Which animation sub-category handles how an asset appears and enters into focus onto a presentation slide canvas?,Entrance Effect,Emphasis Effect,Exit Effect,Motion Path,A,
2025,Computing,Internet,Objective,Which organization regulates standard domain name registration assignments and global IP address blocks allocation sets?,IEEE,W3C,ICANN,IETF,C,
2024,Computing,Spreadsheet,Objective,What formula tool helps you look up matching data values down a vertical column tracking matching rows?,HLOOKUP,VLOOKUP,INDEX,MATCH,B,
2023,Computing,Programming,Objective,What specialized testing tool tracks variable changes and lets developers step through source code line-by-line to pinpoint bugs?,Compiler,Interpreter,Debugger,Linker,C,
2025,Computing,Database,Objective,Which structured data table component handles rows in relational terminology frameworks?,Attribute,Tuple,Domain,Entity,B,
2025,Computing,Hardware,Objective,Which category of computing peripherals includes hardware components like monitors speakers headsets and visual projectors?,Input Devices,Storage Devices,Processing Devices,Output Devices,D,
2023,Computing,Security,Objective,Which security process confirms that an accessing client identity matches who they claim to be?,Authorization,Encryption,Authentication,Auditing,C,
2024,Computing,Programming,Objective,What type of software error triggers an immediate program crash or system exception while running?,Syntax Error,Runtime Error,Logic Error,Compilation Error,B,
2026,Computing,Software,Objective,What type of deployment interface uses windows icons menus and pointers to interact with computers?,Command Line Interface,Graphical User Interface,Natural Language Interface,Menu-Driven Interface,B,
2022,Computing,Internet,Objective,Which browser tool tracks recently visited site locations allowing users to quickly return to them?,Bookmarks,History,Cookies,Extensions,B,
2026,Computing,Spreadsheet,Objective,Which data analytical tool combines isolates sums and re-arranges vast spreadsheet datasets inside an interactive summary frame?,Data Table,Scenario Manager,Pivot Table,Solver,C,
2026,Computing,Security,Objective,What strategy creates off-site duplicates of critical files to shield organizations from ransomware data losses?,Firewall,Antivirus,Data Backup,Encryption,C,
2023,Computing,Security,Objective,Which form of social engineering uses deceptive automated phone calls to trick victims into giving sensitive bank data?,Phishing,Smishing,Vishing,Spoofing,C,
2022,Computing,Word Processing,Objective,Which formatting command adds small lines of numbers citations or references at the bottom of the current page?,Header,Footer,Endnote,Footnote,D,
2025,Computing,Software,Theory,Explain the fundamental difference between application software and system software using examples.,,,,,,System software manages hardware (e.g. OS) while application software helps users perform specific tasks (e.g. Word Processor).
2023,Computing,Security,Theory,What is phishing and what are two main preventive steps users can take to avoid falling victim to it?,,,,,,Phishing is a deceptive communication to steal data. Prevent it by checking the sender email address and avoiding suspicious links.
2024,Computing,Hardware,Theory,Describe the primary function of the Central Processing Unit (CPU) and name its two main internal components.,,,,,,The CPU processes program instructions. Its two main components are the Arithmetic Logic Unit (ALU) and the Control Unit (CU).
2024,Computing,Software,Theory,What is open-source software and how does it differ fundamentally from proprietary commercial software packages?,,,,,,Open-source software provides public access to source code for modification, while proprietary software keeps source code restricted.
2023,Computing,Spreadsheet,Theory,Explain the difference between absolute and relative cell referencing when copying formulas within a spreadsheet application.,,,,,,Relative references change based on position when copied, while absolute references use dollar signs ($) to remain locked.
2026,Computing,Software,Theory,Define an Operating System (OS) and list three core resource management functions it performs for a computer system.,,,,,,An OS manages hardware and software. Core functions include process management, memory allocation, and file system management.
2023,Computing,Spreadsheet,Theory,What is the purpose of the VLOOKUP function in spreadsheets and what are its four required input parameters?,,,,,,VLOOKUP searches for a value in a column. Parameters are lookup_value, table_array, col_index_num, and range_lookup.
2023,Computing,Presentation,Theory,Differentiate between slide transitions and slide animations within electronic presentation design suites.,,,,,,Transitions apply to the movement effect between slides, whereas animations apply to individual elements on a single slide.
2025,Computing,Software,Theory,Describe what a utility program is and provide two standard examples of utility software used on modern computers.,,,,,,Utility software helps analyze, configure, optimize, or maintain a computer. Examples include disk defragmenters and antivirus tools.
2022,Computing,Word Processing,Theory,Explain the purpose of the Mail Merge feature in word processing and outline a scenario where it is highly useful.,,,,,,Mail Merge combines a data list with a document template. It is useful for mass-producing personalized letter notifications or labels.
2023,Computing,Software,Theory,What is the difference between a compiler and an interpreter when translating high-level programming languages into machine code?,,,,,,A compiler translates the entire source code at once into an executable file, while an interpreter translates and executes it line-by-line.
2022,Computing,Networking,Theory,Define the concept of a computer network and compare the geographical scope of a LAN versus a WAN.,,,,,,A network is a collection of connected devices. A LAN covers a small local area (e.g. office), while a WAN connects global spans.
2025,Computing,Software,Theory,What is cloud computing and what are the core differences between Software as a Service (SaaS) and Infrastructure as a Service (IaaS)?,,,,,,Cloud computing delivers hosted services over internet. SaaS offers ready applications; IaaS delivers fundamental computing infrastructure.
2023,Computing,Programming,Theory,Explain the concept of object-oriented programming (OOP) and define its core tenets of class and object elements.,,,,,,OOP uses objects to model data and behaviors. A class is a structural blueprint, while an object is an instance of that class.
2023,Computing,Database,Theory,What is a relational database management system (RDBMS) and what role does a primary key perform in table structures?,,,,,,An RDBMS stores data in tables linked by relations. A primary key uniquely identifies each individual record in a database table.
2024,Computing,Presentation,Theory,Describe the primary function of the Slide Master view and explain how it helps maintain visual consistency in large decks.,,,,,,Slide Master is a master template page. Modifying it applies unified layout, font styles, and background changes across all presentation slides.
2026,Computing,Word Processing,Theory,Explain the layout structural difference between a section break and a page break within word processing environments.,,,,,,A page break shifts text onto the next page, while a section break permits separate margins, orientations, or headers.
2022,Computing,Programming,Theory,What is syntax in programming and how do syntax errors differ from logical errors during software execution testing?,,,,,,Syntax is the grammar rules of code. Syntax errors break structural rules and stop compiling; logic errors yield bad data output.
2025,Computing,Internet,Theory,Define what an IP address is and explain the functional difference between IPv4 and IPv6 address systems.,,,,,,An IP address is a unique identifier for a network device. IPv4 uses 32-bit addresses, while IPv6 uses a massive 128-bit space.
2022,Computing,Database,Theory,Explain what database normalization is and discuss why it is critical when designing efficient database systems.,,,,,,Normalization structures tables to minimize data redundancy and dependency, which avoids data anomalies during updates.
2023,Computing,Hardware,Theory,What is Random Access Memory (RAM) and why is it classified as volatile memory compared to hard drive storage?,,,,,,RAM holds data actively used by processing apps. It is volatile because it requires continuous electrical power to preserve data.
2023,Computing,Spreadsheet,Theory,Describe the operational mechanics of the IF function in spreadsheets and detail how nested IF logic structures are evaluated.,,,,,,The IF function runs a logical check and returns one value if true, another if false. Nested IF structures insert additional checks inside outcomes.
2024,Computing,Presentation,Theory,Discuss three foundational rules or best practices for creating highly readable and professional presentation slides.,,,,,,Best practices include using minimal text bullet points, selecting high-contrast colors, and maintaining consistent font styles.
2026,Computing,Hardware,Theory,Explain the purpose of the computer motherboard and name three critical hardware sub-systems attached directly to it.,,,,,,The motherboard links all components together. Sub-systems attached include the CPU socket, RAM slots, and peripheral expansion slots.
2026,Computing,Security,Theory,What is a firewall and explain the functional differences between network-based and host-based firewall tools.,,,,,,A firewall filters network traffic. Network-based tools guard an entire perimeter; host-based tools protect a single device.
2026,Computing,Networking,Theory,Describe the star network topology and explain its main advantage and disadvantage compared to other configurations.,,,,,,Star topology connects all nodes to a central hub device. Advantage: individual link failures do not drop the network. Disadvantage: central hub failure drops all.
2022,Computing,Programming,Theory,Define what an array data structure is and outline when a developer would choose an array over single variables.,,,,,,An array is an indexed collection of elements of the same data type. Use it when managing ordered lists of related items under one name.
2022,Computing,Programming,Theory,What is software debugging and discuss two common troubleshooting methods developers use to find bugs in source code.,,,,,,Debugging identifies and fixes errors in software. Methods include stepping line-by-line via code debuggers and printing out runtime states.
2023,Computing,Database,Theory,Explain the functional purpose of a database foreign key and discuss how it establishes referential integrity links.,,,,,,A foreign key points to a primary key in another table, preventing orphan records and preserving table relationships.
2026,Computing,Word Processing,Theory,What is the Format Painter tool in word processors and how does it save time during complex document design updates?,,,,,,Format Painter copies text formatting attributes (font, size, color) and applies them to another text chunk without altering text contents.
2026,Computing,Database,Theory,Define Structured Query Language (SQL) and explain the difference between Data Definition Language (DDL) and Data Manipulation Language (DML).,,,,,,SQL manages databases. DDL defines structural objects (e.g. CREATE); DML manipulates records inside those structures (e.g. INSERT).
2026,Computing,Networking,Theory,What is the Domain Name System (DNS) and why is it often called the phonebook of the internet network system?,,,,,,DNS resolves human-readable domain names (e.g. google.com) into machine-routable IP addresses, mimicking a phone directory.
2024,Computing,Hardware,Theory,Compare Solid State Drives (SSDs) with traditional Hard Disk Drives (HDDs) regarding read/write performance durability and mechanics.,,,,,,SSDs use flash memory with no moving parts, making them faster and shock-resistant. HDDs use spinning magnetic platters, which are slower.
2024,Computing,Hardware,Theory,What is an input computer peripheral and how does it differ from an output computer peripheral device? Provide examples.,,,,,,Input devices send user data to the computer (e.g. keyboard); output devices convey processed data back to the user (e.g. monitor).
2025,Computing,Software,Theory,What is a Device Driver and explain why operating systems require drivers to interact with external hardware parts successfully.,,,,,,A driver translates general OS instructions into specific commands that a custom piece of hardware can execute.
2026,Computing,Networking,Theory,Explain what a Virtual Private Network (VPN) does and how it safeguards private data transfers across unsecured public connections.,,,,,,A VPN establishes an encrypted communication tunnel across public networks, masking user IP locations and securing transit traffic streams.
2025,Computing,Software,Theory,Describe data backup strategies and explain why keeping regular backups off-site is a critical system administration operational best practice.,,,,,,Data backup clones files to guard against loss. Off-site storage ensures files survive physical building incidents like fire or theft.
2023,Computing,Security,Theory,What is a computer worm and how does its propagation mechanism differ from a standard computer virus infection?,,,,,,A worm replicates and distributes itself independently across network links; a virus requires a host executable to run and spread.
2026,Computing,Database,Theory,Explain what a database view object is and provide two reasons why a database developer would implement custom views.,,,,,,A view is a virtual query table. It benefits administrators by simplifying complex query steps and restricting user access to raw base rows.
2024,Computing,Networking,Theory,What is network bandwidth and how does it affect the performance of data-heavy cloud network applications?,,,,,,Bandwidth measures the maximum data delivery rate across a channel. Low bandwidth bottlenecks video streaming and file transfers.
2025,Computing,Networking,Theory,Define wireless encryption protocols and explain why WPA3 is preferred over older WEP standards for security protection.,,,,,,Wireless encryption secures Wi-Fi traffic. WPA3 replaces broken WEP protocols with strong modern encryption algorithms to stop hacking.
2026,Computing,Software,Theory,What is a user interface (UI) and contrast the functional experience of a Command Line Interface (CLI) with a Graphical User Interface (GUI).,,,,,,UI manages user-device inputs. CLI handles interactions via text commands; GUI provides intuitive point-and-click graphics.
2023,Computing,Networking,Theory,Describe the peer-to-peer (P2P) network architecture and explain how it differs from a traditional client-server network model.,,,,,,P2P networks connect equal device nodes directly to share files, eliminating the need for a dedicated, centralized server node.
2024,Computing,Database,Theory,What is a database index and explain both its primary operational advantage and its main disadvantage for table update operations.,,,,,,An index speeds up row search query retrievals. Disadvantage: updates and inserts slow down because the index must re-sort itself.
2022,Computing,Networking,Theory,What is an IP address and explain how Network Address Translation (NAT) helps conserve the available pool of public IPv4 addresses.,,,,,,An IP address tracks network targets. NAT multiplexes multiple local private addresses behind a single public address string.
2025,Computing,Software,Theory,Explain the process of disk defragmentation and how it improves mechanical hard drive file read/write operational efficiency performance.,,,,,,Defragmentation groups scattered pieces of fragmented files into contiguous sectors, minimizing slow mechanical read head movements.
2025,Computing,Database,Theory,What is a data warehouse and how does it differ from a standard operational online transaction processing (OLTP) database framework?,,,,,,A warehouse aggregates historical data for analytics and reports; OLTP databases manage real-time operational records.
2026,Computing,Database,Theory,Explain the concept of database integrity and describe three separate constraints used to enforce data rules within a table.,,,,,,Data integrity maintains accuracy. Constraints include Primary Key (uniqueness), Not Null (no empty cells), and Check (valid values).
2023,Computing,Programming,Theory,Define what a recursive function is in programming and explain the critical role that a base case performs in recursion loops.,,,,,,A recursive function is a routine that calls itself. The base case stops recursion, preventing infinite loops and stack overflow crashes.
2023,Computing,Presentation,Theory,Discuss the importance of the slide design color scheme and contrast selection when preparing presentation materials for large meeting rooms.,,,,,,High-contrast choices (e.g. dark text on light backgrounds) preserve legibility when projected on screens across large meeting rooms.
2023,Computing,Database,Theory,What is a composite primary key in relational database schemas and outline an analytical scenario where a single field key is insufficient.,,,,,,A composite key combines two fields to make records unique. It is needed when intersection records (e.g. Student_ID + Course_ID) repeat solo.
2022,Computing,Networking,Theory,Explain what the MAC address of a computer is and clarify how it differs functionally from a network IP address allocation.,,,,,,A MAC address is a physical hardware fingerprint burned onto a network card; an IP address is a logical network location.
2022,Computing,Presentation,Theory,What is the primary function of presentation software outline three core industries where slide deck assets are integral tools for operations.,,,,,,Presentation software structures visual communication decks. It is integral to educational lectures, corporate business pitches, and training seminars.
2026,Computing,Software,Theory,Explain what system registry configurations do and discuss why modifying registry files manually poses severe risks to operating stability.,,,,,,The registry holds central OS boot and app configuration settings. Mistyped changes can destabilize system booting and crash the computer.
2025,Computing,Security,Theory,What is multi-factor authentication (MFA) and explain how it enhances security access protection compared to single password policies.,,,,,,MFA requires multiple validation tokens across distinct categories (knowledge, possession, inherence), neutralizing compromised password risks.
2022,Computing,Programming,Theory,Explain the structural purpose of a loop control statement and contrast a counter-controlled loop with a condition-controlled loop structure.,,,,,,Loops repeat block segments. Counter-controlled loops repeat over a fixed count; condition-controlled loops repeat until a logical flag flips.
2022,Computing,Software,Theory,What is a software license agreement (EULA) and discuss why users should understand its clauses before deploying application assets.,,,,,,An EULA sets software terms, liability limits, and count rules. Users must check details to avoid compliance audits and penalties.
2023,Computing,Networking,Theory,What is a network gateway device and describe its functional role when a local area network requests external web connections.,,,,,,A gateway bridges distinct protocol structures, acting as an exit node to route local area traffic out toward the internet.
2026,Computing,Programming,Theory,Explain what exception handling is in software design and describe the functional mechanics of a try-catch code block structure.,,,,,,Exception handling intercepts runtime anomalies safely. The try block contains risky code, while the catch block runs fallback fixes if it errors.
2023,Computing,Programming,Theory,What is a data type in computer programming and discuss why strongly-typed languages enforce strict variable definitions during coding workflows.,,,,,,Data types define allowed variable operations and sizes. Strong typing catches variable mismatches early during compilation blocks.
2024,Computing,Database,Theory,Explain what a database schema represents and discuss how conceptual schemas differ from physical database file allocations.,,,,,,A schema dictates logical structural table layouts, columns, and relationships, whereas physical schemas handle bits, disk blocks, and file paths.
2026,Computing,Hardware,Theory,What is secondary storage within a computer system architecture and explain why computers need secondary storage alongside primary memory.,,,,,,Secondary storage provides non-volatile space to keep user files long-term. Primary RAM is too small and volatile to hold persistent files.
2025,Computing,Word Processing,Theory,Explain the formatting purpose of paragraph line spacing options and contrast single-spacing with double-spacing layout presentation standards.,,,,,,Line spacing controls vertical gaps between lines. Single-spacing fits dense data; double-spacing maximizes readability for review markups.
2023,Computing,Programming,Theory,What is pseudocode in software development planning and explain how it benefits development teams before code writing begins.,,,,,,Pseudocode is natural language outlining program step logic. It lets teams map out code flow logic without fighting syntax rules.
2024,Computing,Internet,Theory,Define cloud storage architectures and discuss two main benefits organizations achieve by migrating local data to cloud storage setups.,,,,,,Cloud storage hosts data files on remote internet nodes. Benefits include worldwide data access flexibility and reduced local drive costs.
2024,Computing,Spreadsheet,Objective,Which command allows a user to lock specific rows or columns in place while scrolling through a massive spreadsheet?,Hide Rows,Split Screen,Group Cells,Freeze Panes,D,
2025,Computing,Programming,Objective,Which keyword is traditionally used to return a final computed value from a custom function block back to its caller?,break,yield,return,exit,C,
2023,Computing,Word Processing,Objective,Which layout feature is used to control the vertical distance between consecutive lines of text within a single paragraph?,Line Spacing,Character Spacing,Paragraph Alignment,Indent Depth,A,
2026,Computing,Hardware,Objective,Which internal system component provides an immediate temporary electrical backup to a desktop computer when utility power fails completely?,UPS,SMPS,Inverter,Surge Protector,A,
2024,Computing,Software,Objective,What specific term describes software that has been hardcoded into a permanent hardware chip like a motherboard ROM?,Application,Firmware,Middleware,Shareware,B,
2025,Computing,Security,Objective,What name is given to an unauthorized individual who bypasses computer system security barriers to view modify or steal data?,Administrator,Auditor,Beta Tester,Hacker,D,
2023,Computing,Database,Objective,Which operational command is used to alter the underlying schema structure of a database table by adding a new field column?,UPDATE,ALTER TABLE,INSERT INTO,MODIFY SCHEMA,B,
2026,Computing,Internet,Objective,What technology operates behind the scenes to cache local copies of static website components on an edge device for faster access?,Web Server,Proxy Server,DNS Cache,Browser Cache,D,
2024,Computing,Networking,Objective,Which networking device functions exclusively to filter and manage traffic frames within a single Local Area Network segment?,Hub,Switch,Router,Gateway,B,
2022,Computing,Presentation,Objective,Which slide viewing mode is explicitly designed to show how a presentation looks when projected on a live screen during a talk?,Outline View,Slide Master,Slide Show View,Presenter View,C,
2025,Computing,Spreadsheet,Objective,What specific error indicator pops up when a cell reference within a spreadsheet formula points to an invalid or deleted cell location?,#VALUE!,#NAME?,#REF!,#DIV/0!,C,
2023,Computing,Programming,Objective,What is the primary role of a linker component within a standard compiled programming workflow pipeline?,Convert code to assembly,Execute instructions line by line,Combine compiled object code files into a single executable binary,Find syntax and logic bugs,C,
2026,Computing,Word Processing,Objective,Which feature lets you insert tiny notes or citation markers at the absolute end of the whole document rather than the page footer?,Footnote,Endnote,Header,Caption,B,
2025,Computing,Hardware,Objective,Which hardware tracking component converts physical fingerprints or iris patterns into secure digital authentication credentials?,Scanner,Digitizer,Biometric Sensor,Plotter,C,
2024,Computing,Software,Objective,Which system component runs immediately upon computer startup to run basic hardware validation diagnostics?,Operating System,BIOS,Device Driver,Kernel,B,
2023,Computing,Security,Objective,Which type of security token requires a user to constantly re-authenticate via short-lived alphanumeric combinations sent to an app?,Password,Digital Certificate,OTP,Cookie,C,
2026,Computing,Database,Objective,What concept describes a secondary key that links records in a table to the primary key field of an entirely different table?,Composite Key,Candidate Key,Super Key,Foreign Key,D,
2025,Computing,Internet,Objective,What global network framework interconnects private corporate intranets securely using public internet transit structures?,LAN,VPN,MAN,WAN,B,
2024,Computing,Networking,Objective,Which type of unguided network communication relies on line-of-sight directional antennas to pass data across sky paths?,Infrared,Bluetooth,Microwave,Coaxial,C,
2022,Computing,Presentation,Objective,Which layout feature is used to define custom movement paths for an individual text box or graphic asset on a slide canvas?,Entrance Effect,Emphasis Effect,Exit Effect,Motion Path,D,
2025,Computing,Spreadsheet,Objective,Which data lookup function scans for matching criteria horizontally across the first row of a spreadsheet data block?,VLOOKUP,HLOOKUP,INDEX,MATCH,B,
2023,Computing,Programming,Objective,Which conditional logic statement allows code to cleanly branches across multiple different execution values without stacking if-else phrases?,While Loop,Switch Case,For Loop,Try Catch,B,
2026,Computing,Word Processing,Objective,What is the default layout margin width typically used for standard academic or formal business text documents?,0.5 inch,1.0 inch,1.5 inches,2.0 inches,B,
2025,Computing,Hardware,Objective,Which component inside a laser printer is responsible for heating and melting toner particles permanently onto the physical paper page?,Drum,Fuser,Laser Beam,Feed Roller,B,
2024,Computing,Software,Objective,What type of application license permits multiple users within a single corporate building or organizational network to install a program?,Single-User License,Freeware License,Site License,Open-Source License,C,
2023,Computing,Security,Objective,What specific classification describes a cyberattack where malicious actors alter local network transmission paths to pass off a fake login page?,Spoofing,Phishing,Ransomware,Spyware,A,
2026,Computing,Database,Objective,Which foundational SQL aggregation function counts and displays the total number of records that fit a query statement?,SUM,TOTAL,COUNT,AVERAGE,C,
2025,Computing,Internet,Objective,What architecture protocol assigns incoming client requests evenly across multiple web servers to prevent single system bottlenecks?,Firewall,Load Balancing,DNS Routing,NAT Processing,B,
2024,Computing,Networking,Objective,Which network metric tracks the total processing time a single data packet takes to travel from a source machine to its target node?,Bandwidth,Throughput,Latency,Jitter,C,
2022,Computing,Presentation,Objective,What shortcut key combination can a user hold down to instantly open a presentation document file from local folders?,Ctrl + S,Ctrl + O,Ctrl + N,Ctrl + P,B,
2025,Computing,Spreadsheet,Objective,What formatting rule is applied when you want a cell to alter its background color only if it contains a value greater than fifty?,Conditional Formatting,Format Painter,Cell Styles,AutoFormat,A,
2023,Computing,Programming,Objective,Which programming loop evaluates its conditional statement at the very end of a block guaranteeing the code executes at least once?,For Loop,While Loop,Do-While Loop,Nested Loop,C,
2026,Computing,Word Processing,Objective,What name is given to lines of text that repeat automatically along the absolute bottom margin of every single document page?,Header,Footer,Footnote,Endnote,B,
2025,Computing,Hardware,Objective,Which form of read-only optical storage can store significantly more data than a standard DVD by utilizing short-wavelength blue lasers?,CD-ROM,Floppy Disk,Magnetic Tape,Blu-ray Disc,D,
2024,Computing,Software,Objective,What basic software utility scans local storage files to organize broken chunks of application data sequentially for faster drive retrieval?,Disk Defragmenter,Disk Cleanup,Backup Utility,Antivirus,A,
2023,Computing,Security,Objective,Which defensive security setup isolates an organization's internal secure systems from public network paths using an extra perimeter layer?,DMZ,VPN,Proxy Server,NAT,A,
2026,Computing,Database,Objective,What relational property dictates that values inside a table foreign key column must perfectly map to a valid key record in its parent table?,Normalization,Referential Integrity,Encapsulation,Indexing,B,
2025,Computing,Internet,Objective,What type of internet framework allows an enterprise to share critical internal database directories exclusively with authorized external vendor clients?,Intranet,Extranet,Local Area Network,Cloud Server,B,
2024,Computing,Networking,Objective,What layer of the standard OSI networking design structure converts digital frames into actual electrical signals or light pulses?,Network Layer,Data Link Layer,Physical Layer,Transport Layer,C,
2022,Computing,Presentation,Objective,Which interactive button tool can be embedded into slides to jump directly to specific external files websites or hidden deck pages?,Action Button,SmartArt Shape,TextBox Canvas,Chart Element,A,
2025,Computing,Spreadsheet,Objective,Which formula syntax accurately displays a basic sum function running across a range of cells starting from block A1 through A10?,=SUM(A1-A10),=SUM(A1:A10),=SUM(A1 to A10),=SUM(A1..A10),B,
2023,Computing,Programming,Objective,What specific term describes a variable that can be accessed read and modified by any function or block within an entire application file?,Local Variable,Global Variable,Static Variable,Constant,B,
2026,Computing,Word Processing,Objective,Which operational feature automatically tracks document changes and marks text additions or deletions for team review?,Mail Merge,Format Painter,Track Changes,Find and Replace,C,
2025,Computing,Hardware,Objective,What unit tracks the visual density configuration of individual pixels displayed across a modern high-resolution computer screen?,Hz,DPI,Resolution,Gigahertz,C,
2024,Computing,Software,Objective,What descriptive label is applied to utility programs like WinZip or WinRAR that bundle and compress large volumes of data files?,Operating Systems,Archiving Software,Device Drivers,Database Systems,B,
2023,Computing,Security,Objective,Which cryptographic key architecture uses one public key to encrypt a transmission and a completely separate private key to unlock it?,Symmetric Encryption,Asymmetric Encryption,Hashing Algorithm,Plaintext Processing,B,
2025,Computing,Spreadsheet,Objective,Which mathematical operator takes highest precedence in a spreadsheet formula calculation without parentheses?,+,–,*,^,D,
2023,Computing,Programming,Objective,Which programming loop is explicitly designed to repeat a block of code a predetermined number of times?,While Loop,For Loop,Do-While Loop,Infinite Loop,B,
2026,Computing,Word Processing,Objective,Which text formatting command creates a continuous line directly underneath a selected block of characters?,Bold,Italic,Underline,Strikethrough,C,
2025,Computing,Hardware,Objective,Which cooling component utilizes a metal block with fins to draw heat away from the CPU chip?,Heat Sink,Cooling Fan,Liquid Pump,Radiator,A,
2024,Computing,Software,Objective,What form of system software acts as the primary core manager handling task scheduling and memory allocation?,Utility,Driver,Shell,Kernel,D,
2023,Computing,Security,Objective,Which form of spyware specifically logs every keyboard character typed by a user to steal confidential credentials?,Virus,Worm,Keylogger,Trojan Horse,C,
2026,Computing,Database,Objective,Which SQL clause is used to sort the output rows of a query matching field criteria sequentially?,SORT BY,ORDER BY,GROUP BY,ARRANGE BY,B,
2025,Computing,Internet,Objective,What standard internet utility program verifies the network connectivity and latency speed to a remote host computer?,Traceroute,FTP,Ping,NSLookup,C,
2024,Computing,Networking,Objective,Which parameter defines the maximum data transfer capacity rate across a designated communication channel?,Latency,Bandwidth,Throughput,Jitter,B,
2022,Computing,Presentation,Objective,Which layout feature sets the underlying background graphics and uniform color styles for an entire presentation deck?,Theme,Animation,Transition,Layout,A,
2025,Computing,Spreadsheet,Objective,What specific cell reference format locks the row parameter but lets the column index shift when copied?,$A$1,$A1,A$1,A1,C,
2023,Computing,Programming,Objective,What value is traditionally returned by an array index look-up if a developer requests the very first element?,1,0,–1,Null,B,
2026,Computing,Word Processing,Objective,Which word processor command moves an identical copy of selected text to the clipboard while leaving the source text intact?,Cut,Copy,Paste,Clear,B,
2025,Computing,Hardware,Objective,Which computer storage classification includes components like optical discs, magnetic tapes, and external solid-state drives?,Primary Storage,Secondary Storage,Cache Memory,Volatile Memory,B,
2024,Computing,Software,Objective,What specific classification describes system application programs that can be utilized for free over a trial period?,Freeware,Shareware,Proprietary,Open-Source,B,
2023,Computing,Security,Objective,What name is given to an army of malware-infected computers controlled remotely by a hacker to launch coordinated attacks?,Botnet,Wormhole,Trojan Grid,Spy Net,A,
2026,Computing,Database,Objective,Which database field attribute ensures that no two rows can contain the exact same entry value within that specific column?,Not Null,Unique,Primary Key,Foreign Key,B,
2025,Computing,Internet,Objective,Which cloud computing delivery framework offers a pre-configured coding environment for application development?,SaaS,IaaS,PaaS,DaaS,C,
2024,Computing,Networking,Objective,Which network type is specifically configured to span across a single metropolitan municipal boundary size?,LAN,MAN,WAN,PAN,B,
2022,Computing,Presentation,Objective,Which command inserts a clean structural matrix of horizontal rows and vertical cells directly into a slide?,Chart,SmartArt,Table,Shape,C,
2025,Computing,Spreadsheet,Objective,Which function evaluates a single expression condition and outputs one specified value if true and another if false?,AND,OR,IF,NOT,C,
2023,Computing,Programming,Objective,What is the name for the structural error checking process performed before code compiles into machine language?,Syntax Analysis,Logical Debugging,Runtime Evaluation,Semantic Trace,A,
2026,Computing,Word Processing,Objective,Which margin command sets up specialized facing pages for documents designed to be bound into books?,Normal Margins,Wide Margins,Mirror Margins,Narrow Margins,C,
2025,Computing,Hardware,Objective,Which peripheral component uses light reflection sensors to translate printed bar codes into digital inventory records?,Scanner,Barcode Reader,Digitizer,Plotter,B,
2024,Computing,Software,Objective,Which system component translates high-level source code line-by-line concurrently during actual software execution?,Compiler,Linker,Interpreter,Assembler,C,
2023,Computing,Security,Objective,What term describes an explicit security vulnerability in software code that is exploited before a patch is developed?,Trojan Horse,Zero-Day,Logic Bomb,Rootkit,B,
2026,Computing,Database,Objective,Which operational command removes all record rows from a table while keeping its structure and column definitions intact?,DROP,DELETE,TRUNCATE,REMOVE,C,
2025,Computing,Internet,Objective,Which protocol handles the automatic distribution of incoming electronic mail messages to user inboxes?,SMTP,POP3,HTTP,FTP,B,
2024,Computing,Networking,Objective,Which network topology layout connects every single node directly to every other node in the network framework?,Star Topology,Bus Topology,Ring Topology,Mesh Topology,D,
2022,Computing,Presentation,Objective,What shortcut key configuration activates the presentation slide show layout starting explicitly from the current slide?,F5,Shift + F5,Ctrl + F5,Alt + F5,B,
2025,Computing,Spreadsheet,Objective,Which functional tool helps users separate or filter data records based on exact drop-down matching criteria fields?,Sort,Pivot Table,Data Filter,Text to Columns,C,
2023,Computing,Programming,Objective,What specific structural term describes an object blueprint used to define data fields and operational methods in OOP?,Function,Class,Array,Constant,B,
2026,Computing,Word Processing,Objective,Which alignment property formats paragraph lines so they rest evenly against the right side margin page?,Left Align,Center,Right Align,Justify,C,
2025,Computing,Hardware,Objective,Which internal system component transforms standard alternating current building electricity into low-voltage direct current power?,SMPS,Motherboard,UPS,Processor,A,
2024,Computing,Software,Objective,What descriptive label describes software provided entirely free without charge or usage limitations under copyright restrictions?,Shareware,Freeware,Proprietary,Commercial,B,
2023,Computing,Security,Objective,Which specific technology forces automated website users to resolve simple text extraction puzzles to prove they are human?,OTP,MFA,CAPTCHA,Biometrics,C,
2026,Computing,Database,Objective,Which keyword is placed inside an SQL query statement to prevent duplicate entry values from showing in search outputs?,UNIQUE,DISTINCT,FILTER,EXCLUDE,B,
2025,Computing,Internet,Objective,What does the acronym HTML stand for in the context of standard website creation frameworks?,HyperText Multi Language,HyperText Markup Language,HyperTransmission Markup Link,HighTech Media Link,B,
2024,Computing,Networking,Objective,Which network device interfaces directly with a workstation computer system to enable network cable or wireless connectivity?,Router,Switch,Hub,NIC,D,
2022,Computing,Presentation,Objective,Which layout tool formats bulleted phrases into high-quality diagnostic visual flowcharts or cyclical diagrams automatically?,WordArt,SmartArt,Shapes,ClipArt,B,
2025,Computing,Spreadsheet,Objective,Which error code indicates that a spreadsheet lookup array cannot match or find the requested search query cell?,#VALUE!,#NAME?,#REF!,#N/A,D,
2023,Computing,Programming,Objective,What structural programming design method divides system execution paths into specialized self-contained modules or sub-routines?,Modularity,Inheritance,Encapsulation,Polymorphism,A,
2026,Computing,Word Processing,Objective,Which command allows an editor to highlight a text string and append hidden sidebar annotations for authors?,Bookmark,Hyperlink,Comment,Footnote,C,
2025,Computing,Hardware,Objective,Which storage drive metric evaluates the maximum volume of bytes an internal disk component can physically hold?,Bus Speed,Cache Size,Storage Capacity,RPM,C,
2024,Computing,Software,Objective,What label is applied to system drivers or framework fixes distributed to consumers during experimental post-development phases?,Alpha Version,Beta Version,Final Release,Patch,B,
2023,Computing,Security,Objective,Which hardware peripheral generates physical token authentication codes matching algorithmic master clocks to confirm identity?,Smart Card,Security Key,Authenticator,Biometric Scanner,C,
2026,Computing,Database,Objective,Which data language segment deals with security access privileges and database authorization structures?,DDL,DML,DCL,TCL,C,
2025,Computing,Internet,Objective,What system manages directory mapping records by linking human-readable web page domains to numerical network destination nodes?,DHCP,URL,DNS,NAT,C,
2024,Computing,Networking,Objective,Which diagnostic test track maps each intermediate router interface node a packet hops through across web channels?,Ping,Traceroute,Ipconfig,Netstat,B,
2022,Computing,Presentation,Objective,Which presentation view features separate text layouts displaying a sequential summary of slide text bullets without graphics?,Normal View,Slide Sorter View,Outline View,Notes View,C,
